{"intents": [
    {"tag": "greetings",
     "patterns": ["hello","hey","hi","good day","greetings","what's up?","how is it going?"],
     "responses": ["Hello!", "Hey!","What Can I do for you?"]
    },
    {"tag": "goodbye",
    "patterns": ["cya","see you later","goodbye","have a good day","I am leaving","bye","cao", "see ya"],
    "responses": ["Sad to see you go :(", "Talk to you later","Goodbye!"]
   },
   {"tag": "age",
   "patterns": ["how old","how old is your owner","what is your age","how old are you","age?"],
   "responses": ["My owner is 21 years old!", "21 years!"]
  },
  {"tag": "name",
  "patterns": ["what is your name","what should I call you","what's your name","who are you"],
  "responses": ["Hey! You can call me Cera.", "I am Cera."]
 },
 {"tag": "shop",
 "patterns": ["I would like to buy something","what are your products?","what do you recommend?","what are you selling?"],
 "responses": ["I have collection of python books and lot of free content from variou blogs."]
},
{"tag": "hours",
"patterns": ["when are you guys open","what are your hours"],
"responses": ["24*7."]
}

]}
